Timestamp,Google_DNS,Cloudflare_DNS,Quad9_DNS
2026-04-03 18:24:32,17ms,13ms,28ms
2026-04-04 00:43:54,Timeout/Error,Timeout/Error,Timeout/Error
2026-04-04 17:19:42,Timeout/Error,Timeout/Error,Timeout/Error
2026-04-04 21:58:11,2.99ms,1.74ms,1.57ms
2026-04-05 17:19:40,25.34ms,17.53ms,3.44ms
2026-04-06 09:01:41,36.34ms,16.38ms,48.28ms
2026-04-06 09:02:57,27.37ms,16.22ms,26.54ms
2026-04-06 23:04:31,6.69ms,2.54ms,1.36ms
2026-04-07 09:13:15,28.41ms,16.13ms,30.90ms
2026-04-07 14:39:05,6.70ms,1.54ms,8.33ms
2026-04-07 17:45:42,16.14ms,17.64ms,4.18ms
2026-04-08 17:55:25,8.02ms,8.62ms,11.04ms
